"display_slug","neighborhood","city","country","country_code","floor_tier","reason"
"canada/alberta/calgary/beltline","Beltline","Calgary","Canada","CA","high","curated: tower fabric, high-floor vantage required"
"canada/alberta/calgary/downtown-calgary","Downtown Calgary","Calgary","Canada","CA","high","curated: tower fabric, high-floor vantage required"
"canada/alberta/calgary/eau-claire","Eau Claire","Calgary","Canada","CA","high","curated: tower fabric, high-floor vantage required"
"canada/alberta/calgary/mission-district","Mission","Calgary","Canada","CA","mid","curated: walk-up/mid-rise fabric, mid-floor vantage"
"canada/alberta/edmonton/downtown-edmonton","Downtown","Edmonton","Canada","CA","high","curated: tower fabric, high-floor vantage required"
"canada/british-columbia/vancouver/coal-harbour","Coal Harbour","Vancouver","Canada","CA","high","curated: tower fabric, high-floor vantage required"
"canada/british-columbia/vancouver/downtown-vancouver","Downtown","Vancouver","Canada","CA","high","curated: tower fabric, high-floor vantage required"
"canada/british-columbia/vancouver/fairview","Fairview","Vancouver","Canada","CA","mid","curated: walk-up/mid-rise fabric, mid-floor vantage"
"canada/british-columbia/vancouver/gastown","Gastown","Vancouver","Canada","CA","mid","curated: walk-up/mid-rise fabric, mid-floor vantage"
"canada/british-columbia/vancouver/olympic-village","Olympic Village","Vancouver","Canada","CA","mid","curated: walk-up/mid-rise fabric, mid-floor vantage"
"canada/british-columbia/vancouver/south-granville","South Granville","Vancouver","Canada","CA","mid","curated: walk-up/mid-rise fabric, mid-floor vantage"
"canada/british-columbia/vancouver/west-end","West End","Vancouver","Canada","CA","high","curated: tower fabric, high-floor vantage required"
"canada/british-columbia/vancouver/yaletown","Yaletown","Vancouver","Canada","CA","high","curated: tower fabric, high-floor vantage required"
"canada/british-columbia/victoria/downtown-victoria","Downtown","Victoria","Canada","CA","mid","curated: walk-up/mid-rise fabric, mid-floor vantage"
"canada/british-columbia/victoria/inner-harbour","Inner Harbour","Victoria","Canada","CA","mid","curated: walk-up/mid-rise fabric, mid-floor vantage"
"canada/manitoba/winnipeg/downtown-winnipeg","Downtown","Winnipeg","Canada","CA","mid","curated: walk-up/mid-rise fabric, mid-floor vantage"
"canada/manitoba/winnipeg/exchange-district","Exchange District","Winnipeg","Canada","CA","mid","curated: walk-up/mid-rise fabric, mid-floor vantage"
"canada/nova-scotia/halifax/downtown-halifax","Downtown Halifax","Halifax","Canada","CA","mid","curated: walk-up/mid-rise fabric, mid-floor vantage"
"canada/ontario/london/downtown-london","Downtown","London","Canada","CA","mid","curated: walk-up/mid-rise fabric, mid-floor vantage"
"canada/ontario/mississauga/port-credit","Port Credit","Mississauga","Canada","CA","mid","curated: walk-up/mid-rise fabric, mid-floor vantage"
"canada/ontario/ottawa/byward-market","ByWard Market","Ottawa","Canada","CA","mid","curated: walk-up/mid-rise fabric, mid-floor vantage"
"canada/ontario/ottawa/centretown","Centretown","Ottawa","Canada","CA","mid","curated: walk-up/mid-rise fabric, mid-floor vantage"
"canada/ontario/toronto/downtown-toronto","Downtown Markham","Markham","Canada","CA","high","curated: tower fabric, high-floor vantage required"
"canada/ontario/toronto/humber-bay-shores","Humber Bay Shores","Etobicoke","Canada","CA","high","curated: tower fabric, high-floor vantage required"
"canada/ontario/toronto/king-west-village","King West","Toronto","Canada","CA","high","curated: tower fabric, high-floor vantage required"
"canada/ontario/toronto/liberty-village","Liberty Village","Toronto","Canada","CA","high","curated: tower fabric, high-floor vantage required"
"canada/ontario/toronto/mimico","Mimico","Etobicoke","Canada","CA","mid","curated: walk-up/mid-rise fabric, mid-floor vantage"
"canada/ontario/toronto/west-queen-west","Queen West","Toronto","Canada","CA","mid","curated: walk-up/mid-rise fabric, mid-floor vantage"
"canada/ontario/toronto/yorkville","Yorkville","Toronto","Canada","CA","high","curated: tower fabric, high-floor vantage required"
"canada/quebec/laval/centropolis","Centropolis","Laval","Canada","CA","mid","curated: walk-up/mid-rise fabric, mid-floor vantage"
"canada/quebec/montreal/downtown-montreal","Downtown","Montreal","Canada","CA","high","curated: tower fabric, high-floor vantage required"
"canada/quebec/montreal/griffintown","Griffintown","Montreal","Canada","CA","high","curated: tower fabric, high-floor vantage required"
"canada/quebec/montreal/old-montreal","Old Montreal","Montreal","Canada","CA","mid","curated: walk-up/mid-rise fabric, mid-floor vantage"
"canada/quebec/montreal/quartier-des-spectacles","Quartier des Spectacles","Montreal","Canada","CA","mid","curated: walk-up/mid-rise fabric, mid-floor vantage"
"canada/quebec/montreal/shaughnessy-village","Le Village","Montreal","Canada","CA","mid","curated: walk-up/mid-rise fabric, mid-floor vantage"
"canada/saskatchewan/saskatoon/saskatoon-downtown","Downtown","Saskatoon","Canada","CA","mid","curated: walk-up/mid-rise fabric, mid-floor vantage"
"usa/alaska/anchorage/downtown-anchorage","Downtown","Anchorage","United States","US","mid","curated: walk-up/mid-rise fabric, mid-floor vantage"
"usa/alaska/anchorage/midtown-anchorage","Midtown","Anchorage","United States","US","mid","curated: walk-up/mid-rise fabric, mid-floor vantage"
"usa/arizona/phoenix/downtown-phoenix","Downtown Phoenix","Phoenix","United States","US","high","curated: tower fabric, high-floor vantage required"
"usa/arizona/phoenix/midtown","Midtown","Phoenix","United States","US","mid","curated: walk-up/mid-rise fabric, mid-floor vantage"
"usa/arizona/tucson/downtown-tucson","Downtown","Tucson","United States","US","mid","curated: walk-up/mid-rise fabric, mid-floor vantage"
"usa/california/bakersfield/downtown","Downtown Bakersfield","Bakersfield","United States","US","mid","curated: walk-up/mid-rise fabric, mid-floor vantage"
"usa/california/fresno/downtown","Downtown Fresno","Fresno","United States","US","mid","curated: walk-up/mid-rise fabric, mid-floor vantage"
"usa/california/long-beach/downtown-long-beach","Downtown Long Beach","Long Beach","United States","US","high","curated: tower fabric, high-floor vantage required"
"usa/california/los-angeles/hollywood","Hollywood","Los Angeles","United States","US","mid","curated: walk-up/mid-rise fabric, mid-floor vantage"
"usa/california/los-angeles/koreatown","Koreatown","Los Angeles","United States","US","mid","curated: walk-up/mid-rise fabric, mid-floor vantage"
"usa/california/los-angeles/westwood","Westwood","Los Angeles","United States","US","mid","curated: walk-up/mid-rise fabric, mid-floor vantage"
"usa/california/oakland/downtown-oakland","Downtown Oakland","Oakland","United States","US","high","curated: tower fabric, high-floor vantage required"
"usa/california/oakland/uptown-oakland","Uptown","Oakland","United States","US","high","curated: tower fabric, high-floor vantage required"
"usa/california/riverside/downtown-riverside","Downtown","Riverside","United States","US","mid","curated: walk-up/mid-rise fabric, mid-floor vantage"
"usa/california/sacramento/downtown-sacramento","Downtown","Sacramento","United States","US","high","curated: tower fabric, high-floor vantage required"
"usa/california/san-diego/bankers-hill","Bankers Hill","San Diego","United States","US","mid","curated: walk-up/mid-rise fabric, mid-floor vantage"
"usa/california/san-diego/east-village","East Village","San Diego","United States","US","high","curated: tower fabric, high-floor vantage required"
"usa/california/san-diego/gaslamp-quarter","Gaslamp Quarter","San Diego","United States","US","mid","curated: walk-up/mid-rise fabric, mid-floor vantage"
"usa/california/san-diego/little-italy","Little Italy","San Diego","United States","US","high","curated: tower fabric, high-floor vantage required"
"usa/california/san-francisco/financial-district","Financial District","San Francisco","United States","US","high","curated: tower fabric, high-floor vantage required"
"usa/california/san-francisco/fisherman-s-wharf","Fisherman's Wharf","San Francisco","United States","US","mid","curated: walk-up/mid-rise fabric, mid-floor vantage"
"usa/california/san-francisco/nob-hill","Nob Hill","San Francisco","United States","US","mid","curated: walk-up/mid-rise fabric, mid-floor vantage"
"usa/california/san-francisco/north-beach","North Beach","San Francisco","United States","US","mid","curated: walk-up/mid-rise fabric, mid-floor vantage"
"usa/california/san-francisco/pacific-heights","Pacific Heights","San Francisco","United States","US","mid","curated: walk-up/mid-rise fabric, mid-floor vantage"
"usa/california/san-francisco/russian-hill","Russian Hill","San Francisco","United States","US","mid","curated: walk-up/mid-rise fabric, mid-floor vantage"
"usa/california/san-francisco/union-square","Union Square","San Francisco","United States","US","high","curated: tower fabric, high-floor vantage required"
"usa/california/san-jose/downtown-san-jose","Downtown San Jose","San Jose","United States","US","high","curated: tower fabric, high-floor vantage required"
"usa/colorado/colorado-springs/downtown-colorado-springs","Downtown","Colorado Springs","United States","US","mid","curated: walk-up/mid-rise fabric, mid-floor vantage"
"usa/colorado/denver/capitol-hill","Capitol Hill","Denver","United States","US","mid","curated: walk-up/mid-rise fabric, mid-floor vantage"
"usa/colorado/denver/cherry-creek","Cherry Creek","Denver","United States","US","mid","curated: walk-up/mid-rise fabric, mid-floor vantage"
"usa/colorado/denver/five-points","Five Points","Denver","United States","US","mid","curated: walk-up/mid-rise fabric, mid-floor vantage"
"usa/colorado/denver/lodo","LoDo","Denver","United States","US","high","curated: tower fabric, high-floor vantage required"
"usa/colorado/denver/uptown","Uptown","Denver","United States","US","mid","curated: walk-up/mid-rise fabric, mid-floor vantage"
"usa/district-of-columbia/washington/district-wharf","The Wharf","Washington","United States","US","mid","curated: walk-up/mid-rise fabric, mid-floor vantage"
"usa/district-of-columbia/washington/dupont-circle","Dupont Circle","Washington","United States","US","mid","curated: walk-up/mid-rise fabric, mid-floor vantage"
"usa/district-of-columbia/washington/foggy-bottom","Foggy Bottom","Washington","United States","US","mid","curated: walk-up/mid-rise fabric, mid-floor vantage"
"usa/district-of-columbia/washington/logan-circle","Logan Circle","Washington","United States","US","mid","curated: walk-up/mid-rise fabric, mid-floor vantage"
"usa/district-of-columbia/washington/navy-yard","Navy Yard","Washington","United States","US","mid","curated: walk-up/mid-rise fabric, mid-floor vantage"
"usa/district-of-columbia/washington/penn-quarter","Penn Quarter","Washington","United States","US","mid","curated: walk-up/mid-rise fabric, mid-floor vantage"
"usa/district-of-columbia/washington/shaw","Shaw","Washington","United States","US","mid","curated: walk-up/mid-rise fabric, mid-floor vantage"
"usa/district-of-columbia/washington/u-street-corridor","U Street Corridor","Washington","United States","US","mid","curated: walk-up/mid-rise fabric, mid-floor vantage"
"usa/florida/fort-lauderdale/flagler-village","Flagler Village","Fort Lauderdale","United States","US","mid","curated: walk-up/mid-rise fabric, mid-floor vantage"
"usa/florida/hollywood/downtown-hollywood","Downtown Hollywood","Hollywood","United States","US","mid","curated: walk-up/mid-rise fabric, mid-floor vantage"
"usa/florida/jacksonville/downtown-jacksonville","Downtown","Jacksonville","United States","US","high","curated: tower fabric, high-floor vantage required"
"usa/florida/miami/brickell","Brickell","Miami","United States","US","high","curated: tower fabric, high-floor vantage required"
"usa/florida/miami/coconut-grove","Coconut Grove","Miami","United States","US","mid","curated: walk-up/mid-rise fabric, mid-floor vantage"
"usa/florida/miami/downtown-miami","Downtown Miami","Miami","United States","US","high","curated: tower fabric, high-floor vantage required"
"usa/florida/miami/edgewater","Edgewater","Miami","United States","US","high","curated: tower fabric, high-floor vantage required"
"usa/florida/miami/wynwood-art-district","Wynwood","Miami","United States","US","mid","curated: walk-up/mid-rise fabric, mid-floor vantage"
"usa/florida/orlando/downtown-orlando","Downtown Orlando","Orlando","United States","US","high","curated: tower fabric, high-floor vantage required"
"usa/florida/st-petersburg/downtown-st-petersburg","Downtown St. Petersburg","St. Petersburg","United States","US","mid","curated: walk-up/mid-rise fabric, mid-floor vantage"
"usa/florida/tampa/downtown-tampa","Downtown Tampa","Tampa","United States","US","high","curated: tower fabric, high-floor vantage required"
"usa/georgia/atlanta/buckhead","Buckhead","Atlanta","United States","US","high","curated: tower fabric, high-floor vantage required"
"usa/georgia/atlanta/downtown-atlanta","Downtown","Atlanta","United States","US","high","curated: tower fabric, high-floor vantage required"
"usa/georgia/atlanta/midtown","Midtown","Atlanta","United States","US","high","curated: tower fabric, high-floor vantage required"
"usa/georgia/atlanta/old-fourth-ward","Old Fourth Ward","Atlanta","United States","US","mid","curated: walk-up/mid-rise fabric, mid-floor vantage"
"usa/hawaii/honolulu/ala-moana","Ala Moana","Honolulu","United States","US","high","curated: tower fabric, high-floor vantage required"
"usa/hawaii/honolulu/downtown-honolulu","Downtown","Honolulu","United States","US","high","curated: tower fabric, high-floor vantage required"
"usa/hawaii/honolulu/waikiki","Waikiki","Honolulu","United States","US","high","curated: tower fabric, high-floor vantage required"
"usa/idaho/boise/downtown-boise","Downtown Boise","Boise","United States","US","mid","curated: walk-up/mid-rise fabric, mid-floor vantage"
"usa/illinois/chicago/gold-coast","Gold Coast","Chicago","United States","US","high","curated: tower fabric, high-floor vantage required"
"usa/illinois/chicago/lakeview","Lakeview","Chicago","United States","US","mid","curated: walk-up/mid-rise fabric, mid-floor vantage"
"usa/illinois/chicago/lincoln-park","Lincoln Park","Chicago","United States","US","mid","curated: walk-up/mid-rise fabric, mid-floor vantage"
"usa/illinois/chicago/old-town","Old Town","Chicago","United States","US","mid","curated: walk-up/mid-rise fabric, mid-floor vantage"
"usa/illinois/chicago/river-north","River North","Chicago","United States","US","high","curated: tower fabric, high-floor vantage required"
"usa/illinois/chicago/streeterville","Streeterville","Chicago","United States","US","high","curated: tower fabric, high-floor vantage required"
"usa/illinois/chicago/the-loop","The Loop","Chicago","United States","US","high","curated: tower fabric, high-floor vantage required"
"usa/illinois/chicago/west-loop","West Loop","Chicago","United States","US","high","curated: tower fabric, high-floor vantage required"
"usa/indiana/indianapolis/downtown-indianapolis","Downtown","Indianapolis","United States","US","high","curated: tower fabric, high-floor vantage required"
"usa/iowa/des-moines/historic-east-village","East Village","Des Moines","United States","US","mid","curated: walk-up/mid-rise fabric, mid-floor vantage"
"usa/kansas/wichita/downtown-wichita","Downtown Wichita","Wichita","United States","US","mid","curated: walk-up/mid-rise fabric, mid-floor vantage"
"usa/kentucky/louisville/downtown-louisville","Downtown","Louisville","United States","US","mid","curated: walk-up/mid-rise fabric, mid-floor vantage"
"usa/louisiana/new-orleans/central-business-district","Central Business District","New Orleans","United States","US","high","curated: tower fabric, high-floor vantage required"
"usa/maryland/baltimore/harbor-east","Harbor East","Baltimore","United States","US","mid","curated: walk-up/mid-rise fabric, mid-floor vantage"
"usa/maryland/baltimore/inner-harbor","Inner Harbor","Baltimore","United States","US","mid","curated: walk-up/mid-rise fabric, mid-floor vantage"
"usa/maryland/baltimore/mount-vernon","Mount Vernon","Baltimore","United States","US","mid","curated: walk-up/mid-rise fabric, mid-floor vantage"
"usa/massachusetts/boston/back-bay","Back Bay","Boston","United States","US","mid","curated: walk-up/mid-rise fabric, mid-floor vantage"
"usa/massachusetts/boston/fenway-kenmore","Fenway","Boston","United States","US","mid","curated: walk-up/mid-rise fabric, mid-floor vantage"
"usa/massachusetts/boston/north-end","North End","Boston","United States","US","mid","curated: walk-up/mid-rise fabric, mid-floor vantage"
"usa/massachusetts/boston/seaport-district","Seaport","Boston","United States","US","high","curated: tower fabric, high-floor vantage required"
"usa/massachusetts/boston/south-end","South End","Boston","United States","US","mid","curated: walk-up/mid-rise fabric, mid-floor vantage"
"usa/michigan/detroit/downtown-detroit","Downtown","Detroit","United States","US","high","curated: tower fabric, high-floor vantage required"
"usa/michigan/detroit/midtown","Midtown","Detroit","United States","US","mid","curated: walk-up/mid-rise fabric, mid-floor vantage"
"usa/michigan/detroit/new-center-detroit","New Center","Detroit","United States","US","mid","curated: walk-up/mid-rise fabric, mid-floor vantage"
"usa/minnesota/minneapolis/downtown-minneapolis","Downtown Minneapolis","Minneapolis","United States","US","high","curated: tower fabric, high-floor vantage required"
"usa/minnesota/minneapolis/mill-district","Mill District","Minneapolis","United States","US","high","curated: tower fabric, high-floor vantage required"
"usa/minnesota/minneapolis/uptown","Uptown","Minneapolis","United States","US","mid","curated: walk-up/mid-rise fabric, mid-floor vantage"
"usa/missouri/kansas-city/crossroads-arts-district","Crossroads Arts District","Kansas City","United States","US","mid","curated: walk-up/mid-rise fabric, mid-floor vantage"
"usa/missouri/kansas-city/downtown-kansas-city","Downtown Kansas City","Kansas City","United States","US","high","curated: tower fabric, high-floor vantage required"
"usa/missouri/kansas-city/power-and-light-district","Power and Light District","Kansas City","United States","US","high","curated: tower fabric, high-floor vantage required"
"usa/missouri/kansas-city/river-market","River Market","Kansas City","United States","US","mid","curated: walk-up/mid-rise fabric, mid-floor vantage"
"usa/missouri/st-louis/central-west-end","Central West End","St. Louis","United States","US","mid","curated: walk-up/mid-rise fabric, mid-floor vantage"
"usa/missouri/st-louis/downtown-st-louis","Downtown St. Louis","St. Louis","United States","US","high","curated: tower fabric, high-floor vantage required"
"usa/nebraska/lincoln/downtown-lincoln","Downtown","Lincoln","United States","US","mid","curated: walk-up/mid-rise fabric, mid-floor vantage"
"usa/nebraska/omaha/downtown-omaha","Downtown Omaha","Omaha","United States","US","high","curated: tower fabric, high-floor vantage required"
"usa/nebraska/omaha/old-market","Old Market","Omaha","United States","US","mid","curated: walk-up/mid-rise fabric, mid-floor vantage"
"usa/nevada/las-vegas/las-vegas-strip","The Strip","Las Vegas","United States","US","high","curated: tower fabric, high-floor vantage required"
"usa/nevada/reno/downtown-reno","Downtown","Reno","United States","US","high","curated: tower fabric, high-floor vantage required"
"usa/nevada/reno/midtown","Midtown","Reno","United States","US","mid","curated: walk-up/mid-rise fabric, mid-floor vantage"
"usa/new-jersey/jersey-city/downtown-jersey-city","Downtown","Jersey City","United States","US","high","curated: tower fabric, high-floor vantage required"
"usa/new-jersey/jersey-city/newport","Newport","Jersey City","United States","US","high","curated: tower fabric, high-floor vantage required"
"usa/new-jersey/jersey-city/the-heights","The Heights","Jersey City","United States","US","mid","curated: walk-up/mid-rise fabric, mid-floor vantage"
"usa/new-jersey/newark/downtown-newark","Downtown Newark","Newark","United States","US","high","curated: tower fabric, high-floor vantage required"
"usa/new-york/bronx/mott-haven","Mott Haven","The Bronx","United States","US","mid","curated: walk-up/mid-rise fabric, mid-floor vantage"
"usa/new-york/brooklyn/bushwick","Bushwick","Brooklyn","United States","US","mid","curated: walk-up/mid-rise fabric, mid-floor vantage"
"usa/new-york/brooklyn/downtown-brooklyn","Downtown Brooklyn","Brooklyn","United States","US","high","curated: tower fabric, high-floor vantage required"
"usa/new-york/brooklyn/greenpoint","Greenpoint","Brooklyn","United States","US","mid","curated: walk-up/mid-rise fabric, mid-floor vantage"
"usa/new-york/brooklyn/williamsburg","Williamsburg","New York City","United States","US","mid","curated: walk-up/mid-rise fabric, mid-floor vantage"
"usa/new-york/buffalo/downtown-buffalo","Downtown Buffalo","Buffalo","United States","US","high","curated: tower fabric, high-floor vantage required"
"usa/new-york/long-island-city","Long Island City","New York City","United States","US","high","curated: tower fabric, high-floor vantage required"
"usa/new-york/new-york/chelsea","Chelsea","New York City","United States","US","mid","curated: walk-up/mid-rise fabric, mid-floor vantage"
"usa/new-york/new-york/east-village","East Village","New York City","United States","US","mid","curated: walk-up/mid-rise fabric, mid-floor vantage"
"usa/new-york/new-york/financial-district","Financial District","New York City","United States","US","high","curated: tower fabric, high-floor vantage required"
"usa/new-york/new-york/flatiron-district","Flatiron","New York City","United States","US","mid","curated: walk-up/mid-rise fabric, mid-floor vantage"
"usa/new-york/new-york/gramercy","Gramercy","New York City","United States","US","mid","curated: walk-up/mid-rise fabric, mid-floor vantage"
"usa/new-york/new-york/greenwich-village","Greenwich Village","New York City","United States","US","mid","curated: walk-up/mid-rise fabric, mid-floor vantage"
"usa/new-york/new-york/hell-s-kitchen","Hell's Kitchen","New York City","United States","US","high","curated: tower fabric, high-floor vantage required"
"usa/new-york/new-york/midtown","Midtown","New York City","United States","US","high","curated: tower fabric, high-floor vantage required"
"usa/new-york/new-york/nolita","Nolita","New York City","United States","US","mid","curated: walk-up/mid-rise fabric, mid-floor vantage"
"usa/new-york/new-york/soho","SoHo","New York City","United States","US","mid","curated: walk-up/mid-rise fabric, mid-floor vantage"
"usa/new-york/new-york/tribeca","Tribeca","New York City","United States","US","mid","curated: walk-up/mid-rise fabric, mid-floor vantage"
"usa/new-york/new-york/upper-east-side","Upper East Side","New York City","United States","US","high","curated: tower fabric, high-floor vantage required"
"usa/new-york/new-york/upper-west-side","Upper West Side","New York City","United States","US","high","curated: tower fabric, high-floor vantage required"
"usa/new-york/new-york/west-village","West Village","New York City","United States","US","mid","curated: walk-up/mid-rise fabric, mid-floor vantage"
"usa/north-carolina/durham/downtown","Downtown Durham","Durham","United States","US","mid","curated: walk-up/mid-rise fabric, mid-floor vantage"
"usa/north-carolina/greensboro/downtown-greensboro","Downtown","Greensboro","United States","US","mid","curated: walk-up/mid-rise fabric, mid-floor vantage"
"usa/north-carolina/raleigh/downtown","Downtown Raleigh","Raleigh","United States","US","mid","curated: walk-up/mid-rise fabric, mid-floor vantage"
"usa/north-carolina/raleigh/glenwood-south","Glenwood South","Raleigh","United States","US","mid","curated: walk-up/mid-rise fabric, mid-floor vantage"
"usa/north-carolina/raleigh/north-hills","North Hills","Raleigh","United States","US","mid","curated: walk-up/mid-rise fabric, mid-floor vantage"
"usa/ohio/cincinnati/downtown-cincinnati","Downtown","Cincinnati","United States","US","high","curated: tower fabric, high-floor vantage required"
"usa/ohio/cincinnati/over-the-rhine","Over-the-Rhine","Cincinnati","United States","US","mid","curated: walk-up/mid-rise fabric, mid-floor vantage"
"usa/ohio/cleveland/downtown-cleveland","Downtown","Cleveland","United States","US","high","curated: tower fabric, high-floor vantage required"
"usa/ohio/cleveland/ohio-city","Ohio City","Cleveland","United States","US","mid","curated: walk-up/mid-rise fabric, mid-floor vantage"
"usa/ohio/columbus/downtown-columbus","Downtown Columbus","Columbus","United States","US","high","curated: tower fabric, high-floor vantage required"
"usa/ohio/toledo/downtown-toledo","Downtown","Toledo","United States","US","mid","curated: walk-up/mid-rise fabric, mid-floor vantage"
"usa/oklahoma/oklahoma-city/downtown-oklahoma-city","Downtown","Oklahoma City","United States","US","high","curated: tower fabric, high-floor vantage required"
"usa/oklahoma/tulsa/downtown-tulsa","Downtown Tulsa","Tulsa","United States","US","high","curated: tower fabric, high-floor vantage required"
"usa/oregon/eugene/downtown-eugene","Downtown Eugene","Eugene","United States","US","mid","curated: walk-up/mid-rise fabric, mid-floor vantage"
"usa/oregon/portland/downtown-portland","Downtown","Portland","United States","US","high","curated: tower fabric, high-floor vantage required"
"usa/oregon/portland/nob-hill","Nob Hill","Portland","United States","US","mid","curated: walk-up/mid-rise fabric, mid-floor vantage"
"usa/oregon/portland/old-town-chinatown","Old Town Chinatown","Portland","United States","US","mid","curated: walk-up/mid-rise fabric, mid-floor vantage"
"usa/oregon/portland/pearl-district","Pearl District","Portland","United States","US","high","curated: tower fabric, high-floor vantage required"
"usa/pennsylvania/philadelphia/center-city","Center City","Philadelphia","United States","US","high","curated: tower fabric, high-floor vantage required"
"usa/pennsylvania/philadelphia/old-city","Old City","Philadelphia","United States","US","mid","curated: walk-up/mid-rise fabric, mid-floor vantage"
"usa/pennsylvania/philadelphia/washington-square-west","Washington Square West","Philadelphia","United States","US","mid","curated: walk-up/mid-rise fabric, mid-floor vantage"
"usa/pennsylvania/pittsburgh/downtown-pittsburgh","Downtown","Pittsburgh","United States","US","high","curated: tower fabric, high-floor vantage required"
"usa/pennsylvania/pittsburgh/strip-district","Strip District","Pittsburgh","United States","US","mid","curated: walk-up/mid-rise fabric, mid-floor vantage"
"usa/south-dakota/sioux-falls/downtown","Downtown Sioux Falls","Sioux Falls","United States","US","mid","curated: walk-up/mid-rise fabric, mid-floor vantage"
"usa/tennessee/memphis/downtown-memphis","Downtown","Memphis","United States","US","mid","curated: walk-up/mid-rise fabric, mid-floor vantage"
"usa/tennessee/nashville/downtown-nashville","Downtown","Nashville","United States","US","high","curated: tower fabric, high-floor vantage required"
"usa/tennessee/nashville/midtown","Midtown","Nashville","United States","US","mid","curated: walk-up/mid-rise fabric, mid-floor vantage"
"usa/tennessee/nashville/the-gulch","The Gulch","Nashville","United States","US","high","curated: tower fabric, high-floor vantage required"
"usa/texas/austin/downtown-austin","Downtown Austin","Austin","United States","US","high","curated: tower fabric, high-floor vantage required"
"usa/texas/austin/rainey-street-historic-district","Rainey Street","Austin","United States","US","high","curated: tower fabric, high-floor vantage required"
"usa/texas/dallas/dallas-design-district","Design District","Dallas","United States","US","mid","curated: walk-up/mid-rise fabric, mid-floor vantage"
"usa/texas/dallas/deep-ellum","Deep Ellum","Dallas","United States","US","mid","curated: walk-up/mid-rise fabric, mid-floor vantage"
"usa/texas/dallas/downtown-dallas","Downtown Dallas","Dallas","United States","US","high","curated: tower fabric, high-floor vantage required"
"usa/texas/dallas/oak-lawn","Oak Lawn","Dallas","United States","US","mid","curated: walk-up/mid-rise fabric, mid-floor vantage"
"usa/texas/dallas/uptown","Uptown","Dallas","United States","US","high","curated: tower fabric, high-floor vantage required"
"usa/texas/el-paso/downtown-el-paso","Downtown","El Paso","United States","US","mid","curated: walk-up/mid-rise fabric, mid-floor vantage"
"usa/texas/fort-worth/fort-worth-cultural-district","Cultural District","Fort Worth","United States","US","mid","curated: walk-up/mid-rise fabric, mid-floor vantage"
"usa/texas/houston/downtown-houston","Downtown","Houston","United States","US","high","curated: tower fabric, high-floor vantage required"
"usa/texas/houston/midtown","Midtown","Houston","United States","US","mid","curated: walk-up/mid-rise fabric, mid-floor vantage"
"usa/texas/houston/uptown","Uptown","Houston","United States","US","high","curated: tower fabric, high-floor vantage required"
"usa/texas/san-antonio/downtown-san-antonio","Downtown","San Antonio","United States","US","mid","curated: walk-up/mid-rise fabric, mid-floor vantage"
"usa/utah/salt-lake-city/downtown-salt-lake-city","Downtown Salt Lake City","Salt Lake City","United States","US","high","curated: tower fabric, high-floor vantage required"
"usa/virginia/richmond/fan-district","The Fan","Richmond","United States","US","mid","curated: walk-up/mid-rise fabric, mid-floor vantage"
"usa/washington/seattle/ballard","Ballard","Seattle","United States","US","mid","curated: walk-up/mid-rise fabric, mid-floor vantage"
"usa/washington/seattle/belltown","Belltown","Seattle","United States","US","high","curated: tower fabric, high-floor vantage required"
"usa/washington/seattle/capitol-hill","Capitol Hill","Seattle","United States","US","mid","curated: walk-up/mid-rise fabric, mid-floor vantage"
"usa/washington/seattle/downtown-seattle","Downtown","Seattle","United States","US","high","curated: tower fabric, high-floor vantage required"
"usa/washington/seattle/pioneer-square","Pioneer Square","Seattle","United States","US","mid","curated: walk-up/mid-rise fabric, mid-floor vantage"
"usa/washington/seattle/south-lake-union","South Lake Union","Seattle","United States","US","high","curated: tower fabric, high-floor vantage required"
"usa/wisconsin/milwaukee/historic-third-ward","Third Ward","Milwaukee","United States","US","high","curated: tower fabric, high-floor vantage required"
"usa/wisconsin/milwaukee/lower-east-side","East Side","Milwaukee","United States","US","mid","curated: walk-up/mid-rise fabric, mid-floor vantage"
"argentina/buenos-aires/belgrano","Belgrano","Buenos Aires","Argentina","AR","high","curated: tower fabric, high-floor vantage required"
"argentina/buenos-aires/colegiales","Colegiales","Buenos Aires","Argentina","AR","mid","curated: walk-up/mid-rise fabric, mid-floor vantage"
"argentina/buenos-aires/las-canitas","Las Canitas","Buenos Aires","Argentina","AR","mid","curated: walk-up/mid-rise fabric, mid-floor vantage"
"argentina/buenos-aires/microcentro","Microcentro","Buenos Aires","Argentina","AR","high","curated: tower fabric, high-floor vantage required"
"argentina/buenos-aires/palermo","Palermo","Buenos Aires","Argentina","AR","mid","curated: walk-up/mid-rise fabric, mid-floor vantage"
"argentina/buenos-aires/puerto-madero","Puerto Madero","Buenos Aires","Argentina","AR","high","curated: tower fabric, high-floor vantage required"
"argentina/buenos-aires/recoleta","Recoleta","Buenos Aires","Argentina","AR","mid","curated: walk-up/mid-rise fabric, mid-floor vantage"
"argentina/buenos-aires/retiro","Retiro","Buenos Aires","Argentina","AR","mid","curated: walk-up/mid-rise fabric, mid-floor vantage"
"australia/new-south-wales/pyrmont","Pyrmont","Sydney","Australia","AU","mid","curated: walk-up/mid-rise fabric, mid-floor vantage"
"australia/new-south-wales/sydney/parramatta-cbd","CBD","Sydney","Australia","AU","high","curated: tower fabric, high-floor vantage required"
"australia/new-south-wales/sydney/potts-point","Potts Point","Sydney","Australia","AU","mid","curated: walk-up/mid-rise fabric, mid-floor vantage"
"australia/new-south-wales/wollongong-cbd","Wollongong CBD","Wollongong","Australia","AU","high","keyword 'cbd': CBD/tower district"
"australia/queensland/brisbane/fortitude-valley","Fortitude Valley","Brisbane","Australia","AU","mid","curated: walk-up/mid-rise fabric, mid-floor vantage"
"australia/queensland/brisbane/newstead","Newstead","Brisbane","Australia","AU","mid","curated: walk-up/mid-rise fabric, mid-floor vantage"
"australia/queensland/brisbane/south-brisbane","South Brisbane","Brisbane","Australia","AU","mid","curated: walk-up/mid-rise fabric, mid-floor vantage"
"australia/victoria/docklands","Docklands","Melbourne","Australia","AU","high","curated: tower fabric, high-floor vantage required"
"australia/victoria/south-yarra","South Yarra","Melbourne","Australia","AU","mid","curated: walk-up/mid-rise fabric, mid-floor vantage"
"australia/victoria/southbank","Southbank","Melbourne","Australia","AU","high","curated: tower fabric, high-floor vantage required"
"australia/victoria/st-kilda","St Kilda","Melbourne","Australia","AU","mid","curated: walk-up/mid-rise fabric, mid-floor vantage"
"brazil/central-west-region/goiania/jardim-goias","Jardim Goias","Goiania","Brazil","BR","high","why_fit mentions high-rise fabric"
"brazil/north-region/ananindeua/centro","Centro","Ananindeua","Brazil","BR","mid","curated: walk-up/mid-rise fabric, mid-floor vantage"
"brazil/north-region/belem/umarizal","Umarizal","Belem","Brazil","BR","high","why_fit mentions high-rise fabric"
"brazil/north-region/boa-vista/centro","Centro","Boa Vista","Brazil","BR","mid","curated: walk-up/mid-rise fabric, mid-floor vantage"
"brazil/north-region/manaus/centro","Centro","Manaus","Brazil","BR","mid","curated: walk-up/mid-rise fabric, mid-floor vantage"
"brazil/northeast-region/aracaju/centro","Centro","Aracaju","Brazil","BR","mid","curated: walk-up/mid-rise fabric, mid-floor vantage"
"brazil/northeast-region/aracaju/jardins","Jardins","Aracaju","Brazil","BR","high","curated: tower fabric, high-floor vantage required"
"brazil/northeast-region/campina-grande/centro","Centro","Campina Grande","Brazil","BR","mid","curated: walk-up/mid-rise fabric, mid-floor vantage"
"brazil/northeast-region/caucaia/centro","Centro","Caucaia","Brazil","BR","mid","curated: walk-up/mid-rise fabric, mid-floor vantage"
"brazil/northeast-region/fortaleza/centro","Centro","Fortaleza","Brazil","BR","mid","curated: walk-up/mid-rise fabric, mid-floor vantage"
"brazil/northeast-region/joao-pessoa/centro","Centro","Joao Pessoa","Brazil","BR","mid","curated: walk-up/mid-rise fabric, mid-floor vantage"
"brazil/northeast-region/teresina/centro","Centro","Teresina","Brazil","BR","mid","curated: walk-up/mid-rise fabric, mid-floor vantage"
"brazil/northeast-region/vitoria-da-conquista/centro","Centro","Vitoria da Conquista","Brazil","BR","mid","curated: walk-up/mid-rise fabric, mid-floor vantage"
"brazil/south-region/balneario-camboriu/centro","Centro","Balneario Camboriu","Brazil","BR","mid","curated: walk-up/mid-rise fabric, mid-floor vantage"
"brazil/south-region/blumenau/centro","Centro","Blumenau","Brazil","BR","mid","curated: walk-up/mid-rise fabric, mid-floor vantage"
"brazil/south-region/canoas/centro","Centro","Canoas","Brazil","BR","mid","curated: walk-up/mid-rise fabric, mid-floor vantage"
"brazil/south-region/cascavel/centro","Centro","Cascavel","Brazil","BR","mid","curated: walk-up/mid-rise fabric, mid-floor vantage"
"brazil/south-region/caxias-do-sul/centro","Centro","Caxias do Sul","Brazil","BR","mid","curated: walk-up/mid-rise fabric, mid-floor vantage"
"brazil/south-region/florianopolis/centro","Centro","Florianopolis","Brazil","BR","mid","curated: walk-up/mid-rise fabric, mid-floor vantage"
"brazil/south-region/itajai/centro","Centro","Itajai","Brazil","BR","mid","curated: walk-up/mid-rise fabric, mid-floor vantage"
"brazil/south-region/joinville/centro","Centro","Joinville","Brazil","BR","mid","curated: walk-up/mid-rise fabric, mid-floor vantage"
"brazil/south-region/londrina/centro","Centro","Londrina","Brazil","BR","mid","curated: walk-up/mid-rise fabric, mid-floor vantage"
"brazil/south-region/novo-hamburgo/centro","Centro","Novo Hamburgo","Brazil","BR","mid","curated: walk-up/mid-rise fabric, mid-floor vantage"
"brazil/south-region/santa-maria/centro","Centro","Santa Maria","Brazil","BR","mid","curated: walk-up/mid-rise fabric, mid-floor vantage"
"brazil/south-region/sao-jose-dos-pinhais/centro","Centro","Sao Jose dos Pinhais","Brazil","BR","mid","curated: walk-up/mid-rise fabric, mid-floor vantage"
"brazil/southeast-region/belo-horizonte/centro","Centro","Belo Horizonte","Brazil","BR","mid","curated: walk-up/mid-rise fabric, mid-floor vantage"
"brazil/southeast-region/betim/centro","Centro","Betim","Brazil","BR","mid","curated: walk-up/mid-rise fabric, mid-floor vantage"
"brazil/southeast-region/diadema/centro","Centro","Diadema","Brazil","BR","mid","curated: walk-up/mid-rise fabric, mid-floor vantage"
"brazil/southeast-region/governador-valadares/centro","Centro","Governador Valadares","Brazil","BR","mid","curated: walk-up/mid-rise fabric, mid-floor vantage"
"brazil/southeast-region/guarapari/centro","Centro","Guarapari","Brazil","BR","mid","curated: walk-up/mid-rise fabric, mid-floor vantage"
"brazil/southeast-region/juiz-de-fora/centro","Centro","Juiz de Fora","Brazil","BR","mid","curated: walk-up/mid-rise fabric, mid-floor vantage"
"brazil/southeast-region/mogi-das-cruzes/centro","Centro","Mogi das Cruzes","Brazil","BR","mid","curated: walk-up/mid-rise fabric, mid-floor vantage"
"brazil/southeast-region/montes-claros/centro","Centro","Montes Claros","Brazil","BR","mid","curated: walk-up/mid-rise fabric, mid-floor vantage"
"brazil/southeast-region/niteroi/centro","Centro","Niteroi","Brazil","BR","mid","curated: walk-up/mid-rise fabric, mid-floor vantage"
"brazil/southeast-region/nova-iguacu/centro","Centro","Nova Iguacu","Brazil","BR","mid","curated: walk-up/mid-rise fabric, mid-floor vantage"
"brazil/southeast-region/rio-de-janeiro/centro","Centro","Rio de Janeiro","Brazil","BR","mid","curated: walk-up/mid-rise fabric, mid-floor vantage"
"brazil/southeast-region/rio-de-janeiro/copacabana","Copacabana","Rio de Janeiro","Brazil","BR","high","curated: tower fabric, high-floor vantage required"
"brazil/southeast-region/rio-de-janeiro/gavea","Gavea","Rio de Janeiro","Brazil","BR","mid","curated: walk-up/mid-rise fabric, mid-floor vantage"
"brazil/southeast-region/rio-de-janeiro/ipanema","Ipanema","Rio de Janeiro","Brazil","BR","high","curated: tower fabric, high-floor vantage required"
"brazil/southeast-region/rio-de-janeiro/lagoa","Lagoa","Rio de Janeiro","Brazil","BR","high","curated: tower fabric, high-floor vantage required"
"brazil/southeast-region/rio-de-janeiro/leblon","Leblon","Rio de Janeiro","Brazil","BR","high","curated: tower fabric, high-floor vantage required"
"brazil/southeast-region/rio-de-janeiro/leme","Leme","Rio de Janeiro","Brazil","BR","high","curated: tower fabric, high-floor vantage required"
"brazil/southeast-region/sao-bernardo-do-campo/centro","Centro","Sao Bernardo do Campo","Brazil","BR","mid","curated: walk-up/mid-rise fabric, mid-floor vantage"
"brazil/southeast-region/sao-paulo/higienopolis","Higienopolis","Sao Paulo","Brazil","BR","high","curated: tower fabric, high-floor vantage required"
"brazil/southeast-region/sao-paulo/itaim-bibi","Itaim Bibi","Sao Paulo","Brazil","BR","high","curated: tower fabric, high-floor vantage required"
"brazil/southeast-region/sao-paulo/jardim-paulista","Paulista","Sao Paulo","Brazil","BR","high","curated: tower fabric, high-floor vantage required"
"brazil/southeast-region/sao-paulo/jardins","Jardins","Sao Paulo","Brazil","BR","high","curated: tower fabric, high-floor vantage required"
"brazil/southeast-region/sao-paulo/moema","Moema","Sao Paulo","Brazil","BR","high","curated: tower fabric, high-floor vantage required"
"brazil/southeast-region/sao-paulo/pinheiros","Pinheiros","Sao Paulo","Brazil","BR","mid","curated: walk-up/mid-rise fabric, mid-floor vantage"
"brazil/southeast-region/sao-paulo/vila-madalena","Vila Madalena","Sao Paulo","Brazil","BR","mid","curated: walk-up/mid-rise fabric, mid-floor vantage"
"brazil/southeast-region/sao-paulo/vila-mariana","Vila Mariana","Sao Paulo","Brazil","BR","high","curated: tower fabric, high-floor vantage required"
"brazil/southeast-region/sao-paulo/vila-olimpia","Vila Olimpia","Sao Paulo","Brazil","BR","high","curated: tower fabric, high-floor vantage required"
"brazil/southeast-region/sorocaba/centro","Centro","Sorocaba","Brazil","BR","mid","curated: walk-up/mid-rise fabric, mid-floor vantage"
"brazil/southeast-region/uberaba/centro","Centro","Uberaba","Brazil","BR","mid","curated: walk-up/mid-rise fabric, mid-floor vantage"
"brazil/southeast-region/uberlandia/centro","Centro","Uberlandia","Brazil","BR","mid","curated: walk-up/mid-rise fabric, mid-floor vantage"
"brazil/southeast-region/vitoria/centro","Centro","Vitoria","Brazil","BR","mid","curated: walk-up/mid-rise fabric, mid-floor vantage"
"china/anhui/anqing/yingjiang-district","Yingjiang District","Anqing","China","CN","high","country default for china"
"china/anhui/chuzhou/langya-qu","Langya District","Chuzhou","China","CN","high","country default for china"
"china/anhui/fuyang/yingzhou-district","Yingzhou District","Fuyang","China","CN","high","country default for china"
"china/anhui/hefei/luyang-qu","Luyang District","Hefei","China","CN","high","country default for china"
"china/anhui/hefei/shushan","Shushan District","Hefei","China","CN","high","country default for china"
"china/anhui/huaibei/xiangshan-district","Xiangshan District","Huaibei","China","CN","high","country default for china"
"china/anhui/wuhu/jinghu-district","Jinghu District","Wuhu","China","CN","high","country default for china"
"china/beijing/798-art-district","798 Art District","Beijing","China","CN","high","country default for china"
"china/beijing/chaoyang","Chaoyang","Beijing","China","CN","high","country default for china"
"china/beijing/guomao","Guomao (CBD)","Beijing","China","CN","high","curated: tower fabric, high-floor vantage required"
"china/beijing/sanlitun","Sanlitun","Beijing","China","CN","high","country default for china"
"china/beijing/wangfujing-shopping-area","Wangfujing","Beijing","China","CN","high","country default for china"
"china/chongqing/yuzhong","Yuzhong","Chongqing","China","CN","high","country default for china"
"china/dandong/zhenxing-district","Zhenxing","Dandong","China","CN","high","country default for china"
"china/fujian/fuzhou/gulou","Gulou District","Fuzhou","China","CN","high","country default for china"
"china/fujian/fuzhou/taijiang-district","Taijiang District","Fuzhou","China","CN","high","country default for china"
"china/fujian/licheng-district","Licheng District","Quanzhou","China","CN","high","country default for china"
"china/fujian/xiamen/huli","Huli District","Xiamen","China","CN","high","country default for china"
"china/fujian/xiamen/siming","Siming District","Xiamen","China","CN","high","country default for china"
"china/gansu/lanzhou/chengguan","Chengguan","Lanzhou","China","CN","high","country default for china"
"china/gansu/tianshui/qinzhou-district","Qinzhou District","Tianshui","China","CN","high","country default for china"
"china/guangdong/chaozhou/xiangqiao-qu","Xiangqiao District","Chaozhou","China","CN","high","country default for china"
"china/guangdong/dongguan/dongcheng-subdistrict","Dongcheng","Dongguan","China","CN","high","country default for china"
"china/guangdong/foshan/chancheng","Chancheng","Foshan","China","CN","high","country default for china"
"china/guangdong/foshan/nanhai","Nanhai","Foshan","China","CN","high","country default for china"
"china/guangdong/guangzhou/tianhe","Tianhe","Guangzhou","China","CN","high","country default for china"
"china/guangdong/guangzhou/yuexiu","Yuexiu","Guangzhou","China","CN","high","country default for china"
"china/guangdong/guangzhou/zhujiang-new-town","Zhujiang New Town","Guangzhou","China","CN","high","country default for china"
"china/guangdong/huizhou/huicheng-qu","Huicheng","Huizhou","China","CN","high","country default for china"
"china/guangdong/jiangmen/pengjiang","Pengjiang District","Jiangmen","China","CN","high","country default for china"
"china/guangdong/jieyang/rongcheng-district","Rongcheng District","Jieyang","China","CN","high","country default for china"
"china/guangdong/jinping-qu","Jinping District","Shantou","China","CN","high","country default for china"
"china/guangdong/longhu-qu","Longhu District","Shantou","China","CN","high","country default for china"
"china/guangdong/maoming/maonan-district","Maonan District","Maoming","China","CN","high","country default for china"
"china/guangdong/qingyuan/qingcheng-qu","Qingcheng District","Qingyuan","China","CN","high","country default for china"
"china/guangdong/shenzhen/central-business-district","Bao'an Central","Bao'an","China","CN","high","keyword 'central-business-district': CBD/tower district"
"china/guangdong/shenzhen/dongmen","Dongmen","Luohu District","China","CN","high","country default for china"
"china/guangdong/shenzhen/futian","Futian","Shenzhen","China","CN","high","country default for china"
"china/guangdong/shenzhen/luohu","Luohu","Shenzhen","China","CN","high","country default for china"
"china/guangdong/shenzhen/luohu-commercial-city","Luohu Commercial City","Luohu District","China","CN","high","country default for china"
"china/guangdong/shenzhen/nanshan","Nanshan","Shenzhen","China","CN","high","country default for china"
"china/guangdong/shenzhen/shekou","Shekou","Shenzhen","China","CN","high","country default for china"
"china/guangdong/yangjiang/jiangcheng-district","Jiangcheng District","Yangjiang","China","CN","high","country default for china"
"china/guangdong/yunfu/yuncheng-district","Yuncheng","Yunfu","China","CN","high","country default for china"
"china/guangdong/zhanjiang/chikan-district","Chikan District","Zhanjiang","China","CN","high","country default for china"
"china/guangdong/zhaoqing/duanzhou-qu","Duanzhou District","Zhaoqing","China","CN","high","country default for china"
"china/guangdong/zhongshan/east-district","East District","Zhongshan","China","CN","high","country default for china"
"china/guangdong/zhongshan/shiqi-district","Shiqi District","Zhongshan","China","CN","high","country default for china"
"china/guangdong/zhuhai/xiangzhou-district","Xiangzhou","Zhuhai","China","CN","high","country default for china"
"china/guangxi/liuzhou/chengzhong-district","Chengzhong District","Liuzhou","China","CN","high","country default for china"
"china/guangxi/nanning/qingxiu","Qingxiu District","Nanning","China","CN","high","country default for china"
"china/guangxi/xiufeng","Xiufeng District","Guilin","China","CN","high","country default for china"
"china/guizhou/anshun/xixiu-district","Xixiu District","Anshun","China","CN","high","country default for china"
"china/guizhou/bijie/qixingguan-district","Qixingguan District","Bijie","China","CN","high","country default for china"
"china/guizhou/guiyang/yunyan-district","Yunyan","Guiyang","China","CN","high","country default for china"
"china/guizhou/liupanshui/zhongshan-district","Zhongshan District","Liupanshui","China","CN","high","country default for china"
"china/guizhou/zunyi/honghuagang-district","Honghuagang District","Zunyi","China","CN","high","country default for china"
"china/hainan/sanya/sanya-bay","Sanya Bay","Sanya","China","CN","high","country default for china"
"china/hainan/sanya/yalong-bay","Yalong Bay","Sanya","China","CN","high","country default for china"
"china/hebei/baoding/lianchi-district","Lianchi","Baoding","China","CN","high","country default for china"
"china/hebei/qinhuangdao/beidaihe","Beidaihe","Qinhuangdao","China","CN","high","country default for china"
"china/hebei/xingtai/qiaodong-district","Qiaodong District","Xingtai","China","CN","high","country default for china"
"china/heilongjiang/daqing/sartu-district","Sartu District","Daqing","China","CN","high","country default for china"
"china/henan/anyang/beiguan-district","Beiguan District","Anyang","China","CN","high","country default for china"
"china/henan/kaifeng/gulou-district","Gulou District","Kaifeng","China","CN","high","country default for china"
"china/henan/luohe/yuanhui-district","Yuanhui District","Luohe","China","CN","high","country default for china"
"china/henan/xinyang/shihe-district","Shihe District","Xinyang","China","CN","high","country default for china"
"china/henan/xuchang/weidu-district","Weidu District","Xuchang","China","CN","high","country default for china"
"china/henan/zhengzhou/jinshui-district","Jinshui District","Zhengzhou","China","CN","high","country default for china"
"china/henan/zhengzhou/zhengdong-new-area","Zhengdong New District","Zhengzhou","China","CN","high","country default for china"
"china/henan/zhoukou/chuanhui-district","Chuanhui District","Zhoukou","China","CN","high","country default for china"
"china/hubei/shiyan/zhangwan-qu","Zhangwan District","Shiyan","China","CN","high","country default for china"
"china/hubei/wuhan/wuchang","Wuchang","Wuhan","China","CN","high","country default for china"
"china/hubei/xiangcheng","Xiangcheng District","Xiangyang","China","CN","high","country default for china"
"china/hubei/yichang/xiling-qu","Xiling District","Yichang","China","CN","high","country default for china"
"china/hunan/changde/wuling-district","Wuling District","Changde","China","CN","high","country default for china"
"china/hunan/chenzhou/beihu-district","Beihu District","Chenzhou","China","CN","high","country default for china"
"china/hunan/loudi/louxing-district","Louxing District","Loudi","China","CN","high","country default for china"
"china/hunan/shaoyang/daxiang-district","Daxiang District","Shaoyang","China","CN","high","country default for china"
"china/hunan/zhuzhou/tianyuan","Tianyuan District","Zhuzhou","China","CN","high","country default for china"
"china/inner-mongolia/hailar","Hailar District","Hulunbuir","China","CN","high","country default for china"
"china/inner-mongolia/hohhot/saihan","Saihan","Hohhot","China","CN","high","country default for china"
"china/inner-mongolia/hohhot/xincheng-district","Xincheng","Hohhot","China","CN","high","country default for china"
"china/jiangsu/fuzimiao-area","Fuzimiao","Nanjing","China","CN","high","country default for china"
"china/jiangsu/jinji-lake","Jinji Lake","Suzhou","China","CN","high","country default for china"
"china/jiangsu/liangxi-district","Liangxi District","Wuxi","China","CN","high","country default for china"
"china/jiangsu/nantong/chongchuan","Chongchuan","Nantong","China","CN","high","country default for china"
"china/jiangsu/suqian/sucheng-district","Sucheng District","Suqian","China","CN","high","country default for china"
"china/jiangsu/taizhou/hailing-district","Hailing District","Taizhou","China","CN","high","country default for china"
"china/jiangsu/tinghu-qu","Tinghu District","Yancheng","China","CN","high","country default for china"
"china/jiangsu/xinjiekou","Xinjiekou","Nanjing","China","CN","high","country default for china"
"china/jiangsu/xuzhou/yunlong-district","Yunlong District","Xuzhou","China","CN","high","country default for china"
"china/jiangsu/yangzhou/guangling-qu","Guangling District","Yangzhou","China","CN","high","country default for china"
"china/jiangsu/zhonglou-qu","Zhonglou","Changzhou","China","CN","high","country default for china"
"china/jiangxi/ganzhou/zhanggong-district","Zhanggong District","Ganzhou","China","CN","high","country default for china"
"china/jiangxi/nanchang/donghu","Donghu","Nanchang","China","CN","high","country default for china"
"china/jiangxi/shangrao/xinzhou-district","Xinzhou District","Shangrao","China","CN","high","country default for china"
"china/jilin/changchun/chaoyang","Chaoyang District","Changchun","China","CN","high","country default for china"
"china/jilin/changchun/nanguan","Nanguan District","Changchun","China","CN","high","country default for china"
"china/jilin/yanbian/yanji-city-centre","City Center","Yanji","China","CN","high","country default for china"
"china/liaoning/anshan/tiedong-district","Tiedong District","Anshan","China","CN","high","country default for china"
"china/ningxia/xingqing-qu","Xingqing District","Yinchuan","China","CN","high","country default for china"
"china/putian/chengxiang","Chengxiang District","Putian","China","CN","high","country default for china"
"china/qinghai/xining/chengzhong-qu","Chengzhong District","Xining","China","CN","high","country default for china"
"china/qinhuangdao/haigang-district","Haigang District","Qinhuangdao","China","CN","high","country default for china"
"china/shaanxi/baoji/weibin-district","Weibin District","Baoji","China","CN","high","country default for china"
"china/shaanxi/xi-an/beilin","Beilin","Xian","China","CN","high","country default for china"
"china/shaanxi/xi-an/gaoxin","Gaoxin","Xian","China","CN","high","country default for china"
"china/shaanxi/xi-an/qujiang-residential-district","Qujiang","Xian","China","CN","high","country default for china"
"china/shandong/heze/mudan-district","Mudan District","Heze","China","CN","high","country default for china"
"china/shandong/jinan/lixia-district","Lixia District","Jinan","China","CN","high","country default for china"
"china/shandong/jinan/shizhong","Shizhong District","Jinan","China","CN","high","country default for china"
"china/shandong/jining/rencheng-district","Rencheng District","Jining","China","CN","high","country default for china"
"china/shandong/kuiwen-district","Kuiwen District","Weifang","China","CN","high","country default for china"
"china/shandong/laoshan","Laoshan","Qingdao","China","CN","high","country default for china"
"china/shandong/liaocheng/dongchangfu-district","Dongchangfu District","Liaocheng","China","CN","high","country default for china"
"china/shandong/linyi/lanshan-district","Lanshan","Linyi","China","CN","high","country default for china"
"china/shandong/shibei","Shibei","Qingdao","China","CN","high","country default for china"
"china/shandong/shinone-district","Shinan","Qingdao","China","CN","high","country default for china"
"china/shandong/tai-an/taishan","Taishan District","Taian","China","CN","high","country default for china"
"china/shandong/yantai/zhifu","Zhifu","Yantai","China","CN","high","country default for china"
"china/shanghai/jing-an","Jing'an","Shanghai","China","CN","high","country default for china"
"china/shanghai/lujiazui","Lujiazui","Shanghai","China","CN","high","curated: tower fabric, high-floor vantage required"
"china/shanghai/people-s-square","People's Square","Shanghai","China","CN","high","country default for china"
"china/shanghai/the-bund","The Bund","Shanghai","China","CN","high","country default for china"
"china/shanghai/xintiandi","Xintiandi","Shanghai","China","CN","high","country default for china"
"china/shanghai/xuhui","Xuhui","Shanghai","China","CN","high","country default for china"
"china/shanghai/zhabei","Zhabei (North Shanghai)","Zhabei","China","CN","high","country default for china"
"china/shanxi/taiyuan/xiaodian-qu","Xiaodian District","Taiyuan","China","CN","high","country default for china"
"china/shanxi/taiyuan/yingze-district","Yingze District","Taiyuan","China","CN","high","country default for china"
"china/shanxi/yuci","Yuci District","Jinzhong","China","CN","high","country default for china"
"china/sichuan/jinjiang","Jinjiang","Chengdu","China","CN","high","country default for china"
"china/sichuan/mianyang/fucheng-district","Fucheng District","Mianyang","China","CN","high","country default for china"
"china/sichuan/taikoo-li","Taikoo Li","Chengdu","China","CN","high","country default for china"
"china/sichuan/yibin/cuiping-district","Cuiping District","Yibin","China","CN","high","country default for china"
"china/sichuan/ziyang/yanjiang-district","City Center (Yanjiang)","Ziyang","China","CN","high","country default for china"
"china/tangshan/lubei-district","Lubei District","Tangshan","China","CN","high","country default for china"
"china/tianjin/heping","Heping","Tianjin","China","CN","high","country default for china"
"china/xinjiang/urumqi/tianshan-district","Tianshan","Urumqi","China","CN","high","country default for china"
"china/yunnan/kunming/panlong","Panlong District","Kunming","China","CN","high","country default for china"
"china/yunnan/kunming/wuhua-district","Wuhua District","Kunming","China","CN","high","country default for china"
"china/zhejiang/dinghai-district","Dinghai District","Zhoushan","China","CN","high","country default for china"
"china/zhejiang/haishu","Haishu District","Ningbo","China","CN","high","country default for china"
"china/zhejiang/hangzhou/binjiang","Binjiang","Hangzhou","China","CN","high","country default for china"
"china/zhejiang/hangzhou/qianjiang-new-town","Qianjiang New City","Hangzhou","China","CN","high","country default for china"
"china/zhejiang/hangzhou/xihu","Xihu","Hangzhou","China","CN","high","country default for china"
"china/zhejiang/jiangbei-district","Jiangbei District","Ningbo","China","CN","high","country default for china"
"china/zhejiang/jiaojiang","Jiaojiang District","Taizhou","China","CN","high","country default for china"
"china/zhejiang/jinhua/wucheng-district","Wucheng District","Jinhua","China","CN","high","country default for china"
"china/zhejiang/lucheng-district","Lucheng","Wenzhou","China","CN","high","country default for china"
"china/zhejiang/nanhu-qu","Nanhu District","Jiaxing","China","CN","high","country default for china"
"china/zhejiang/shaoxing/yuecheng","Yuecheng","Shaoxing","China","CN","high","country default for china"
"hong-kong/hong-kong/admiralty","Admiralty","Hong Kong Island","Hong Kong","HK","high","city default for hong-kong, hong-kong"
"hong-kong/hong-kong/causeway-bay","Causeway Bay","Hong Kong","Hong Kong","HK","high","city default for hong-kong, hong-kong"
"hong-kong/hong-kong/central","Central","Hong Kong","Hong Kong","HK","high","city default for hong-kong, hong-kong"
"hong-kong/hong-kong/kennedy-town","Kennedy Town","Hong Kong","Hong Kong","HK","high","city default for hong-kong, hong-kong"
"hong-kong/hong-kong/mid-levels","Mid-Levels","Hong Kong","Hong Kong","HK","high","city default for hong-kong, hong-kong"
"hong-kong/hong-kong/north-point","North Point","Hong Kong Island","Hong Kong","HK","high","city default for hong-kong, hong-kong"
"hong-kong/hong-kong/sai-ying-pun","Sai Ying Pun","Hong Kong","Hong Kong","HK","high","city default for hong-kong, hong-kong"
"hong-kong/hong-kong/sheung-wan","Sheung Wan","Hong Kong","Hong Kong","HK","high","city default for hong-kong, hong-kong"
"hong-kong/hong-kong/soho","Soho","Hong Kong","Hong Kong","HK","high","city default for hong-kong, hong-kong"
"hong-kong/hong-kong/wan-chai","Wan Chai","Hong Kong","Hong Kong","HK","high","city default for hong-kong, hong-kong"
"hong-kong/kowloon/hung-hom","Hung Hom","Kowloon","Hong Kong","HK","high","city default for kowloon, hong-kong"
"hong-kong/kowloon/jordan","Jordan","Kowloon","Hong Kong","HK","high","city default for kowloon, hong-kong"
"hong-kong/kowloon/kowloon-city","Kowloon City","Kowloon City","Hong Kong","HK","high","city default for kowloon, hong-kong"
"hong-kong/kowloon/kowloon-tong","Kowloon Tong","Kowloon","Hong Kong","HK","high","city default for kowloon, hong-kong"
"hong-kong/kowloon/mong-kok","Mong Kok","Kowloon","Hong Kong","HK","high","city default for kowloon, hong-kong"
"hong-kong/kowloon/sham-shui-po","Sham Shui Po","Sham Shui Po","Hong Kong","HK","high","city default for kowloon, hong-kong"
"hong-kong/kowloon/tsim-sha-tsui","Tsim Sha Tsui","Kowloon","Hong Kong","HK","high","city default for kowloon, hong-kong"
"hong-kong/kowloon/yau-ma-tei","Yau Ma Tei","Kowloon","Hong Kong","HK","high","city default for kowloon, hong-kong"
"hong-kong/sai-kung","Sai Kung","New Territories","Hong Kong","HK","high","country default for hong-kong"
"hong-kong/sai-kung/tseung-kwan-o","Tseung Kwan O","New Territories","Hong Kong","HK","high","country default for hong-kong"
"hong-kong/sha-tin","Sha Tin","New Territories","Hong Kong","HK","high","country default for hong-kong"
"hong-kong/tsuen-wan","Tsuen Wan","New Territories","Hong Kong","HK","high","country default for hong-kong"
"india/karnataka/bengaluru/church-street","Church Street","Bengaluru","India","IN","mid","curated: walk-up/mid-rise fabric, mid-floor vantage"
"india/karnataka/bengaluru/hsr-layout","HSR Layout","Bengaluru","India","IN","mid","curated: walk-up/mid-rise fabric, mid-floor vantage"
"india/karnataka/bengaluru/koramangala","Koramangala","Bengaluru","India","IN","mid","curated: walk-up/mid-rise fabric, mid-floor vantage"
"india/karnataka/bengaluru/whitefield","Whitefield","Bengaluru","India","IN","high","curated: tower fabric, high-floor vantage required"
"india/maharashtra/baner","Baner","Pune","India","IN","mid","curated: walk-up/mid-rise fabric, mid-floor vantage"
"india/maharashtra/mumbai/bandra-west","Bandra West","Mumbai","India","IN","mid","curated: walk-up/mid-rise fabric, mid-floor vantage"
"india/maharashtra/mumbai/colaba","Colaba","Mumbai","India","IN","mid","curated: walk-up/mid-rise fabric, mid-floor vantage"
"india/maharashtra/mumbai/fort","Fort","Mumbai","India","IN","mid","curated: walk-up/mid-rise fabric, mid-floor vantage"
"india/maharashtra/mumbai/juhu","Juhu","Mumbai","India","IN","mid","curated: walk-up/mid-rise fabric, mid-floor vantage"
"india/maharashtra/mumbai/khar","Khar","Mumbai","India","IN","mid","curated: walk-up/mid-rise fabric, mid-floor vantage"
"india/maharashtra/mumbai/lower-parel","Lower Parel","Mumbai","India","IN","high","curated: tower fabric, high-floor vantage required"
"india/maharashtra/mumbai/powai","Powai","Mumbai","India","IN","high","curated: tower fabric, high-floor vantage required"
"india/maharashtra/mumbai/worli","Worli","Mumbai","India","IN","high","curated: tower fabric, high-floor vantage required"
"india/maharashtra/pune/aundh","Aundh","Pune","India","IN","mid","curated: walk-up/mid-rise fabric, mid-floor vantage"
"india/maharashtra/pune/kalyani-nagar","Kalyani Nagar","Pune","India","IN","mid","curated: walk-up/mid-rise fabric, mid-floor vantage"
"india/maharashtra/pune/koregaon-park","Koregaon Park","Pune","India","IN","mid","curated: walk-up/mid-rise fabric, mid-floor vantage"
"india/maharashtra/pune/viman-nagar","Viman Nagar","Pune","India","IN","mid","curated: walk-up/mid-rise fabric, mid-floor vantage"
"india/national-capital-territory-of-delhi/new-delhi/connaught-place","Connaught Place","Delhi","India","IN","mid","curated: walk-up/mid-rise fabric, mid-floor vantage"
"india/national-capital-territory-of-delhi/new-delhi/saket","Saket","Delhi","India","IN","mid","curated: walk-up/mid-rise fabric, mid-floor vantage"
"india/telangana/hyderabad/banjara-hills","Banjara Hills","Hyderabad","India","IN","mid","curated: walk-up/mid-rise fabric, mid-floor vantage"
"india/telangana/hyderabad/begumpet","Begumpet","Hyderabad","India","IN","mid","curated: walk-up/mid-rise fabric, mid-floor vantage"
"india/telangana/hyderabad/gachibowli","Gachibowli","Hyderabad","India","IN","high","curated: tower fabric, high-floor vantage required"
"india/telangana/hyderabad/hitec-city","HITEC City","Hyderabad","India","IN","high","curated: tower fabric, high-floor vantage required"
"india/telangana/hyderabad/jubilee-hills","Jubilee Hills","Hyderabad","India","IN","mid","curated: walk-up/mid-rise fabric, mid-floor vantage"
"india/telangana/hyderabad/madhapur","Madhapur","Hyderabad","India","IN","mid","curated: walk-up/mid-rise fabric, mid-floor vantage"
"india/west-bengal/kolkata/new-town","New Town","Kolkata","India","IN","high","curated: tower fabric, high-floor vantage required"
"india/west-bengal/kolkata/park-street","Park Street","Kolkata","India","IN","mid","curated: walk-up/mid-rise fabric, mid-floor vantage"
"india/west-bengal/kolkata/salt-lake","Salt Lake","Kolkata","India","IN","mid","curated: walk-up/mid-rise fabric, mid-floor vantage"
"indonesia/special-capital-region-of-jakarta/jakarta/kemang","Kemang","Jakarta","Indonesia","ID","mid","curated: walk-up/mid-rise fabric, mid-floor vantage"
"indonesia/special-capital-region-of-jakarta/jakarta/kuningan","Kuningan","Jakarta","Indonesia","ID","high","curated: tower fabric, high-floor vantage required"
"indonesia/special-capital-region-of-jakarta/jakarta/pantai-indah-kapuk","Pantai Indah Kapuk","Jakarta","Indonesia","ID","mid","curated: walk-up/mid-rise fabric, mid-floor vantage"
"israel/tel-aviv-district/tel-aviv/florentin","Florentin","Tel Aviv","Israel","IL","mid","city default for tel-aviv, israel"
"israel/tel-aviv-district/tel-aviv/jaffa","Jaffa","Tel Aviv","Israel","IL","mid","city default for tel-aviv, israel"
"israel/tel-aviv-district/tel-aviv/kerem-hateimanim","Kerem HaTeimanim","Tel Aviv","Israel","IL","mid","city default for tel-aviv, israel"
"israel/tel-aviv-district/tel-aviv/neve-tzedek","Neve Tzedek","Tel Aviv","Israel","IL","mid","city default for tel-aviv, israel"
"israel/tel-aviv-district/tel-aviv/old-north","Old North","Tel Aviv","Israel","IL","mid","curated: walk-up/mid-rise fabric, mid-floor vantage"
"israel/tel-aviv-district/tel-aviv/rothschild-boulevard","Rothschild Boulevard","Tel Aviv","Israel","IL","mid","curated: walk-up/mid-rise fabric, mid-floor vantage"
"israel/tel-aviv-district/tel-aviv/sarona","Sarona","Tel Aviv","Israel","IL","high","curated: tower fabric, high-floor vantage required"
"japan/osaka-prefecture/osaka/honmachi","Honmachi","Osaka","Japan","JP","mid","curated: walk-up/mid-rise fabric, mid-floor vantage"
"japan/osaka-prefecture/osaka/kitahama","Kitahama","Osaka","Japan","JP","mid","curated: walk-up/mid-rise fabric, mid-floor vantage"
"japan/osaka-prefecture/osaka/nakanoshima","Nakanoshima","Osaka","Japan","JP","high","curated: tower fabric, high-floor vantage required"
"japan/osaka-prefecture/osaka/namba","Namba","Osaka","Japan","JP","mid","curated: walk-up/mid-rise fabric, mid-floor vantage"
"japan/osaka-prefecture/osaka/shinsaibashi","Shinsaibashi","Osaka","Japan","JP","mid","curated: walk-up/mid-rise fabric, mid-floor vantage"
"japan/osaka-prefecture/osaka/tennoji","Tennoji","Osaka","Japan","JP","mid","curated: walk-up/mid-rise fabric, mid-floor vantage"
"japan/osaka-prefecture/osaka/umeda","Umeda","Osaka","Japan","JP","high","curated: tower fabric, high-floor vantage required"
"japan/tokyo-prefecture/tokyo/akasaka","Akasaka","Tokyo","Japan","JP","high","curated: tower fabric, high-floor vantage required"
"japan/tokyo-prefecture/tokyo/aoyama","Aoyama","Tokyo","Japan","JP","mid","curated: walk-up/mid-rise fabric, mid-floor vantage"
"japan/tokyo-prefecture/tokyo/azabu-juban","Azabu","Minato City","Japan","JP","mid","curated: walk-up/mid-rise fabric, mid-floor vantage"
"japan/tokyo-prefecture/tokyo/daiba","Daiba","Minato City","Japan","JP","high","curated: tower fabric, high-floor vantage required"
"japan/tokyo-prefecture/tokyo/ebisu","Ebisu","Tokyo","Japan","JP","mid","curated: walk-up/mid-rise fabric, mid-floor vantage"
"japan/tokyo-prefecture/tokyo/ginza","Ginza","Tokyo","Japan","JP","high","curated: tower fabric, high-floor vantage required"
"japan/tokyo-prefecture/tokyo/harajuku","Harajuku","Tokyo","Japan","JP","mid","curated: walk-up/mid-rise fabric, mid-floor vantage"
"japan/tokyo-prefecture/tokyo/hiroo","Hiroo","Minato City","Japan","JP","mid","curated: walk-up/mid-rise fabric, mid-floor vantage"
"japan/tokyo-prefecture/tokyo/kagurazaka","Kagurazaka","Tokyo","Japan","JP","mid","curated: walk-up/mid-rise fabric, mid-floor vantage"
"japan/tokyo-prefecture/tokyo/marunouchi","Marunouchi","Tokyo","Japan","JP","high","curated: tower fabric, high-floor vantage required"
"japan/tokyo-prefecture/tokyo/nakameguro","Nakameguro","Tokyo","Japan","JP","mid","curated: walk-up/mid-rise fabric, mid-floor vantage"
"japan/tokyo-prefecture/tokyo/nishi-shinjuku","Nishi-Shinjuku","Shinjuku","Japan","JP","high","why_fit mentions high-rise fabric"
"japan/tokyo-prefecture/tokyo/roppongi","Roppongi","Tokyo","Japan","JP","high","curated: tower fabric, high-floor vantage required"
"japan/tokyo-prefecture/tokyo/shibuya","Shibuya","Tokyo","Japan","JP","mid","curated: walk-up/mid-rise fabric, mid-floor vantage"
"japan/tokyo-prefecture/tokyo/shinjuku","Shinjuku","Tokyo","Japan","JP","high","curated: tower fabric, high-floor vantage required"
"japan/tokyo-prefecture/tokyo/shirokane","Shirokane","Minato City","Japan","JP","mid","curated: walk-up/mid-rise fabric, mid-floor vantage"
"kenya/nairobi/central-business-district","Central Business District","Nairobi","Kenya","KE","high","keyword 'central-business-district': CBD/tower district"
"kenya/nairobi/gigiri","Gigiri","Nairobi","Kenya","KE","mid","curated: walk-up/mid-rise fabric, mid-floor vantage"
"kenya/nairobi/kilimani","Kilimani","Nairobi","Kenya","KE","high","curated: tower fabric, high-floor vantage required"
"kenya/nairobi/lavington","Lavington","Nairobi","Kenya","KE","mid","curated: walk-up/mid-rise fabric, mid-floor vantage"
"kenya/nairobi/nairobi-upper-hill","Upper Hill","Nairobi","Kenya","KE","high","curated: tower fabric, high-floor vantage required"
"kenya/nairobi/parklands","Parklands","Nairobi","Kenya","KE","mid","curated: walk-up/mid-rise fabric, mid-floor vantage"
"kenya/nairobi/westlands","Westlands","Nairobi","Kenya","KE","high","curated: tower fabric, high-floor vantage required"
"lithuania/vilnius-county/vilnius/snipiskes","Snipiskes","Vilnius","Lithuania","LT","high","why_fit mentions high-rise fabric"
"malaysia/federal-territory-of-kuala-lumpur/kuala-lumpur/bangsar","Bangsar","Kuala Lumpur","Malaysia","MY","mid","curated: walk-up/mid-rise fabric, mid-floor vantage"
"malaysia/federal-territory-of-kuala-lumpur/kuala-lumpur/brickfields","Brickfields","Kuala Lumpur","Malaysia","MY","mid","curated: walk-up/mid-rise fabric, mid-floor vantage"
"malaysia/federal-territory-of-kuala-lumpur/kuala-lumpur/bukit-bintang","Bukit Bintang","Kuala Lumpur","Malaysia","MY","high","curated: tower fabric, high-floor vantage required"
"malaysia/federal-territory-of-kuala-lumpur/kuala-lumpur/mont-kiara","Mont Kiara","Kuala Lumpur","Malaysia","MY","high","curated: tower fabric, high-floor vantage required"
"mexico/jalisco/zapopan/puerta-de-hierro","Puerta de Hierro","Zapopan","Mexico","MX","high","why_fit mentions high-rise fabric"
"mexico/mexico-city/benito-juarez","Juarez","Mexico City","Mexico","MX","mid","curated: walk-up/mid-rise fabric, mid-floor vantage"
"mexico/mexico-city/del-valle","Del Valle","Mexico City","Mexico","MX","mid","curated: walk-up/mid-rise fabric, mid-floor vantage"
"mexico/mexico-city/la-condesa","Condesa","Mexico City","Mexico","MX","mid","curated: walk-up/mid-rise fabric, mid-floor vantage"
"mexico/mexico-city/polanco","Polanco","Mexico City","Mexico","MX","mid","curated: walk-up/mid-rise fabric, mid-floor vantage"
"mexico/mexico-city/roma-norte","Roma Norte","Mexico City","Mexico","MX","mid","curated: walk-up/mid-rise fabric, mid-floor vantage"
"mexico/mexico-city/santa-fe","Santa Fe","Mexico City","Mexico","MX","high","curated: tower fabric, high-floor vantage required"
"new-zealand/auckland-region/auckland/wynyard-quarter","Wynyard Quarter","Auckland","New Zealand","NZ","mid","curated: walk-up/mid-rise fabric, mid-floor vantage"
"philippines/national-capital-region/eastwood","Eastwood City","Quezon City","Philippines","PH","high","curated: tower fabric, high-floor vantage required"
"philippines/national-capital-region/makati/legazpi-village","Legazpi Village","Makati City","Philippines","PH","high","curated: tower fabric, high-floor vantage required"
"philippines/national-capital-region/makati/salcedo-village","Salcedo Village","Makati City","Philippines","PH","high","curated: tower fabric, high-floor vantage required"
"philippines/national-capital-region/manila/ermita","Ermita","Manila","Philippines","PH","mid","curated: walk-up/mid-rise fabric, mid-floor vantage"
"philippines/national-capital-region/manila/malate","Malate","Manila","Philippines","PH","mid","curated: walk-up/mid-rise fabric, mid-floor vantage"
"philippines/national-capital-region/pasig/kapitolyo","Kapitolyo","Pasig City","Philippines","PH","mid","curated: walk-up/mid-rise fabric, mid-floor vantage"
"philippines/national-capital-region/pasig/ortigas-center","Ortigas Center","Pasig City","Philippines","PH","high","curated: tower fabric, high-floor vantage required"
"philippines/national-capital-region/taguig/bonifacio-global-city","Bonifacio Global City","Taguig","Philippines","PH","high","curated: tower fabric, high-floor vantage required"
"poland/lodz/srodmiescie","Srodmiescie","odz","Poland","PL","high","curated: tower fabric, high-floor vantage required"
"poland/lublin/srodmiescie","Srodmiescie","Lublin","Poland","PL","high","curated: tower fabric, high-floor vantage required"
"poland/masovian-voivodeship/warsaw/mokotow","Mokotow","Warsaw","Poland","PL","mid","curated: walk-up/mid-rise fabric, mid-floor vantage"
"poland/masovian-voivodeship/warsaw/powisle","Powisle","Warsaw","Poland","PL","mid","curated: walk-up/mid-rise fabric, mid-floor vantage"
"poland/masovian-voivodeship/warsaw/srodmiescie","Srodmiescie","Warsaw","Poland","PL","high","curated: tower fabric, high-floor vantage required"
"poland/masovian-voivodeship/warsaw/wola","Wola","Warsaw","Poland","PL","high","curated: tower fabric, high-floor vantage required"
"poland/masovian-voivodeship/warsaw/zoliborz","Zoliborz","Warsaw","Poland","PL","mid","curated: walk-up/mid-rise fabric, mid-floor vantage"
"poland/west-pomeranian-voivodeship/szczecin/srodmiescie","Srodmiescie","Szczecin","Poland","PL","high","curated: tower fabric, high-floor vantage required"
"qatar/doha/west-bay","West Bay","Doha","Qatar","QA","high","curated: tower fabric, high-floor vantage required"
"russia/moscow/arbat","Arbat","Moscow","Russia","RU","mid","city default for moscow, russia"
"russia/moscow/khamovniki","Khamovniki","Moscow","Russia","RU","mid","curated: walk-up/mid-rise fabric, mid-floor vantage"
"russia/moscow/kitay-gorod","Kitay-Gorod","Moscow","Russia","RU","mid","city default for moscow, russia"
"russia/moscow/presnensky","Presnensky (Moscow City)","Moscow","Russia","RU","mid","curated: walk-up/mid-rise fabric, mid-floor vantage"
"russia/moscow/tverskoy","Tverskoy","Moscow","Russia","RU","mid","curated: walk-up/mid-rise fabric, mid-floor vantage"
"russia/moscow/zamoskvorechye","Zamoskvorechye","Moscow","Russia","RU","mid","curated: walk-up/mid-rise fabric, mid-floor vantage"
"saudi-arabia/makkah-province/jeddah/al-andalus","Al Andalus","Jeddah","Saudi Arabia","SA","mid","curated: walk-up/mid-rise fabric, mid-floor vantage"
"saudi-arabia/makkah-province/jeddah/al-hamra-a","Al Hamra","Jeddah","Saudi Arabia","SA","mid","curated: walk-up/mid-rise fabric, mid-floor vantage"
"saudi-arabia/makkah-province/jeddah/al-rawdah","Al Rawdah","Jeddah","Saudi Arabia","SA","mid","curated: walk-up/mid-rise fabric, mid-floor vantage"
"saudi-arabia/makkah-province/jeddah/ash-shati","Al Shati","Jeddah","Saudi Arabia","SA","mid","curated: walk-up/mid-rise fabric, mid-floor vantage"
"saudi-arabia/riyadh/riyadh/al-malaz","Al Malaz","Riyadh","Saudi Arabia","SA","mid","curated: walk-up/mid-rise fabric, mid-floor vantage"
"singapore/singapore/bugis","Bugis","Singapore","Singapore","SG","high","curated: tower fabric, high-floor vantage required"
"singapore/singapore/clarke-quay","Clarke Quay","Singapore","Singapore","SG","high","curated: tower fabric, high-floor vantage required"
"singapore/singapore/marina-bay","Marina Bay","Singapore","Singapore","SG","high","curated: tower fabric, high-floor vantage required"
"singapore/singapore/orchard","Orchard","Singapore","Singapore","SG","high","curated: tower fabric, high-floor vantage required"
"singapore/singapore/raffles-place","Raffles Place","Singapore","Singapore","SG","high","curated: tower fabric, high-floor vantage required"
"singapore/singapore/robertson-quay","Robertson Quay","Singapore","Singapore","SG","high","curated: tower fabric, high-floor vantage required"
"singapore/singapore/tanjong-pagar","Tanjong Pagar","Singapore","Singapore","SG","high","curated: tower fabric, high-floor vantage required"
"south-korea/hongdae","Hongdae","Seoul","South Korea","KR","mid","curated: walk-up/mid-rise fabric, mid-floor vantage"
"south-korea/seoul/apgujeong","Apgujeong","Seoul","South Korea","KR","high","curated: tower fabric, high-floor vantage required"
"south-korea/seoul/gangnam","Gangnam","Seoul","South Korea","KR","high","curated: tower fabric, high-floor vantage required"
"south-korea/seoul/garosu-gil","Garosu-gil","Seoul","South Korea","KR","mid","curated: walk-up/mid-rise fabric, mid-floor vantage"
"south-korea/seoul/insadong","Insadong","Seoul","South Korea","KR","mid","curated: walk-up/mid-rise fabric, mid-floor vantage"
"south-korea/seoul/itaewon","Itaewon","Seoul","South Korea","KR","mid","curated: walk-up/mid-rise fabric, mid-floor vantage"
"south-korea/seoul/myeongdong","Myeongdong","Seoul","South Korea","KR","mid","curated: walk-up/mid-rise fabric, mid-floor vantage"
"south-korea/seoul/yeonnam-dong","Yeonnam-dong","Seoul","South Korea","KR","mid","curated: walk-up/mid-rise fabric, mid-floor vantage"
"spain/catalonia/barcelona/barceloneta","Barceloneta","Barcelona","Spain","ES","mid","city default for barcelona, spain"
"spain/catalonia/barcelona/dreta-de-l-eixample","Dreta de l'Eixample","Eixample","Spain","ES","mid","city default for barcelona, spain"
"spain/catalonia/barcelona/eixample","Eixample","Barcelona","Spain","ES","mid","curated: walk-up/mid-rise fabric, mid-floor vantage"
"spain/catalonia/barcelona/el-born","El Born","Barcelona","Spain","ES","mid","city default for barcelona, spain"
"spain/catalonia/barcelona/el-poble-sec","Poble-sec","Barcelona","Spain","ES","mid","city default for barcelona, spain"
"spain/catalonia/barcelona/el-raval","El Raval","Barcelona","Spain","ES","mid","city default for barcelona, spain"
"spain/catalonia/barcelona/esquerra-de-l-eixample","Esquerra de l'Eixample","Eixample","Spain","ES","mid","city default for barcelona, spain"
"spain/catalonia/barcelona/gothic-quarter","Gothic Quarter","Barcelona","Spain","ES","mid","city default for barcelona, spain"
"spain/catalonia/barcelona/gracia","Gracia","Barcelona","Spain","ES","mid","city default for barcelona, spain"
"spain/catalonia/barcelona/poblenou","Poblenou","Barcelona","Spain","ES","mid","city default for barcelona, spain"
"spain/catalonia/barcelona/sant-antoni","Sant Antoni","Barcelona","Spain","ES","mid","city default for barcelona, spain"
"spain/catalonia/barcelona/sarria-sant-gervasi","Sarria-Sant Gervasi","Barcelona","Spain","ES","mid","city default for barcelona, spain"
"spain/community-of-madrid/chamartin","Chamartin","Madrid","Spain","ES","mid","curated: walk-up/mid-rise fabric, mid-floor vantage"
"spain/community-of-madrid/madrid/barrio-de-las-letras","Las Letras","Madrid","Spain","ES","mid","city default for madrid, spain"
"spain/community-of-madrid/madrid/centro","Centro","Madrid","Spain","ES","mid","city default for madrid, spain"
"spain/community-of-madrid/madrid/chamberi","Chamberi","Madrid","Spain","ES","mid","curated: walk-up/mid-rise fabric, mid-floor vantage"
"spain/community-of-madrid/madrid/chueca","Chueca","Madrid","Spain","ES","mid","city default for madrid, spain"
"spain/community-of-madrid/madrid/justicia","Justicia","Madrid","Spain","ES","mid","city default for madrid, spain"
"spain/community-of-madrid/madrid/la-latina","La Latina","Madrid","Spain","ES","mid","city default for madrid, spain"
"spain/community-of-madrid/madrid/lavapies","Lavapies","Madrid","Spain","ES","mid","city default for madrid, spain"
"spain/community-of-madrid/madrid/malasana","Malasana","Madrid","Spain","ES","mid","city default for madrid, spain"
"spain/community-of-madrid/madrid/retiro","Retiro","Madrid","Spain","ES","mid","curated: walk-up/mid-rise fabric, mid-floor vantage"
"spain/community-of-madrid/madrid/salamanca","Salamanca","Madrid","Spain","ES","mid","curated: walk-up/mid-rise fabric, mid-floor vantage"
"spain/valencian-community/valencia/eixample","Eixample","Valencia","Spain","ES","mid","curated: walk-up/mid-rise fabric, mid-floor vantage"
"taiwan/hsinchu/east-district","East District (Dongqu)","Hsinchu","Taiwan","TW","mid","country default for taiwan"
"taiwan/kaohsiung/gushan-district","Gushan","Kaohsiung","Taiwan","TW","mid","country default for taiwan"
"taiwan/kaohsiung/lingya-district","Lingya","Kaohsiung","Taiwan","TW","mid","country default for taiwan"
"taiwan/kaohsiung/sinsing-district","Sinsing","Kaohsiung","Taiwan","TW","mid","country default for taiwan"
"taiwan/keelung/keelung-city-centre","City Center","Keelung","Taiwan","TW","mid","country default for taiwan"
"taiwan/new-taipei-city/banqiao","Banqiao","New Taipei City","Taiwan","TW","high","curated: tower fabric, high-floor vantage required"
"taiwan/new-taipei-city/sanchong","Sanchong","New Taipei City","Taiwan","TW","mid","country default for taiwan"
"taiwan/new-taipei-city/tamsui","Tamsui","New Taipei City","Taiwan","TW","mid","country default for taiwan"
"taiwan/new-taipei-city/xindian","Xindian","New Taipei City","Taiwan","TW","mid","country default for taiwan"
"taiwan/new-taipei-city/yonghe","Yonghe","New Taipei City","Taiwan","TW","mid","country default for taiwan"
"taiwan/taichung/north-district","North District","Taichung","Taiwan","TW","mid","country default for taiwan"
"taiwan/taichung/west-district","West District","Taichung","Taiwan","TW","mid","country default for taiwan"
"taiwan/taichung/xitun-district","Xitun","Taichung","Taiwan","TW","mid","country default for taiwan"
"taiwan/tainan/anping","Anping District","Tainan","Taiwan","TW","mid","country default for taiwan"
"taiwan/tainan/east-district","East District","Tainan","Taiwan","TW","mid","country default for taiwan"
"taiwan/tainan/west-central-district","West Central District","Tainan","Taiwan","TW","mid","country default for taiwan"
"taiwan/taipei/songshan","Songshan","Taipei","Taiwan","TW","mid","curated: walk-up/mid-rise fabric, mid-floor vantage"
"taiwan/taipei/ximending","Ximending","Taipei","Taiwan","TW","mid","curated: walk-up/mid-rise fabric, mid-floor vantage"
"taiwan/taipei/xinyi","Xinyi","Taipei","Taiwan","TW","high","curated: tower fabric, high-floor vantage required"
"taiwan/taipei/zhongshan","Zhongshan","Taipei","Taiwan","TW","mid","curated: walk-up/mid-rise fabric, mid-floor vantage"
"taiwan/taipei/zhongzheng","Zhongzheng","Taipei","Taiwan","TW","mid","country default for taiwan"
"taiwan/taoyuan-city/taoyuan-district","Taoyuan District","Taoyuan","Taiwan","TW","mid","country default for taiwan"
"taiwan/taoyuan-city/zhongli-district","Zhongli District","Taoyuan","Taiwan","TW","mid","country default for taiwan"
"turkey/istanbul/bebek","Bebek","Istanbul","Turkey","TR","mid","city default for istanbul, turkey"
"turkey/istanbul/besiktas","Besiktas","Istanbul","Turkey","TR","mid","curated: walk-up/mid-rise fabric, mid-floor vantage"
"turkey/istanbul/beyoglu","Beyoglu","Istanbul","Turkey","TR","mid","city default for istanbul, turkey"
"turkey/istanbul/bomonti","Bomonti","Sisli","Turkey","TR","mid","city default for istanbul, turkey"
"turkey/istanbul/cihangir","Cihangir","Istanbul","Turkey","TR","mid","city default for istanbul, turkey"
"turkey/istanbul/galata","Galata","Istanbul","Turkey","TR","mid","city default for istanbul, turkey"
"turkey/istanbul/kadikoy","Kadikoy","Istanbul","Turkey","TR","mid","curated: walk-up/mid-rise fabric, mid-floor vantage"
"turkey/istanbul/karakoy","Karakoy","Istanbul","Turkey","TR","mid","city default for istanbul, turkey"
"turkey/istanbul/moda","Moda","Istanbul","Turkey","TR","mid","city default for istanbul, turkey"
"turkey/istanbul/nisantasi","Nisantasi","Istanbul","Turkey","TR","mid","curated: walk-up/mid-rise fabric, mid-floor vantage"
"turkey/istanbul/sisli","Sisli","Istanbul","Turkey","TR","high","curated: tower fabric, high-floor vantage required"
"turkey/istanbul/sultanahmet","Sultanahmet","Istanbul","Turkey","TR","mid","city default for istanbul, turkey"
"united-arab-emirates/dubai/al-barsha","Al Barsha","Dubai","United Arab Emirates","AE","high","curated: tower fabric, high-floor vantage required"
"united-arab-emirates/dubai/bur-dubai","Bur Dubai","Dubai","United Arab Emirates","AE","mid","curated: walk-up/mid-rise fabric, mid-floor vantage"
"united-arab-emirates/dubai/deira","Deira","Dubai","United Arab Emirates","AE","mid","curated: walk-up/mid-rise fabric, mid-floor vantage"
"united-arab-emirates/dubai/difc","DIFC","Dubai","United Arab Emirates","AE","high","curated: tower fabric, high-floor vantage required"
"united-arab-emirates/dubai/downtown-dubai","Downtown Dubai","Dubai","United Arab Emirates","AE","high","curated: tower fabric, high-floor vantage required"
"united-arab-emirates/dubai/dubai-marina","Dubai Marina","Dubai","United Arab Emirates","AE","high","curated: tower fabric, high-floor vantage required"
"united-arab-emirates/dubai/jumeirah-beach-residence","Jumeirah Beach Residence","Dubai","United Arab Emirates","AE","high","curated: tower fabric, high-floor vantage required"
"united-arab-emirates/dubai/palm-jumeirah","Palm Jumeirah","Dubai","United Arab Emirates","AE","mid","curated: walk-up/mid-rise fabric, mid-floor vantage"
"united-kingdom/england/london/canary-wharf","Canary Wharf","London","United Kingdom","GB","high","curated: tower fabric, high-floor vantage required"
"united-kingdom/england/london/south-bank","South Bank","London","United Kingdom","GB","mid","curated: walk-up/mid-rise fabric, mid-floor vantage"
"vietnam/ho-chi-minh-municipality/ho-chi-minh-city/an-phu","An Phu","Thu uc","Vietnam","VN","mid","curated: walk-up/mid-rise fabric, mid-floor vantage"
"vietnam/ho-chi-minh-municipality/ho-chi-minh-city/binh-thanh","Binh Thanh","Ho Chi Minh City","Vietnam","VN","mid","curated: walk-up/mid-rise fabric, mid-floor vantage"
"vietnam/ho-chi-minh-municipality/ho-chi-minh-city/district-1","District 1","Ho Chi Minh City","Vietnam","VN","mid","curated: walk-up/mid-rise fabric, mid-floor vantage"
"vietnam/ho-chi-minh-municipality/ho-chi-minh-city/thao-dien","Thao Dien (District 2)","Ho Chi Minh City","Vietnam","VN","mid","curated: walk-up/mid-rise fabric, mid-floor vantage"
